<?xml version="1.0" ?> 
<RDF:RDF xmlns:RDF="http://www.w3.org/1999/02/22-rdf-syntax-ns#"
         xmlns:em="http://www.mozilla.org/2004/em-rdf#">
  <RDF:Description about="urn:mozilla:extension:{C4623F6B-C6B1-430d-AA9D-5B256810604F}">
    <em:updates>
      <RDF:Seq>
        <RDF:li resource="urn:mozilla:extension:{C4623F6B-C6B1-430d-AA9D-5B256810604F}:0.5.5" /> 
      </RDF:Seq>
    </em:updates>
  </RDF:Description>
  <RDF:Description about="urn:mozilla:extension:{C4623F6B-C6B1-430d-AA9D-5B256810604F}:0.5.5">
    <em:version>0.5.5</em:version> 
    <em:targetApplication>
      <Description>
        <em:id>{ec8030f7-c20a-464f-9b0e-13a3a9e97384}</em:id> 
        <em:minVersion>1.5</em:minVersion> 
        <em:maxVersion>3.0.*</em:maxVersion> 
        <em:updateLink>http://ren.vis.ne.jp/programs/ahref.xpi</em:updateLink> 
        <em:updateHash>sha1:c20450b6bec70b298cd31bb20ec266843c0982e3</em:updateHash>
      </Description>
    </em:targetApplication>
  </RDF:Description>
</RDF:RDF>